订单号,站点,国家,日期,商品数,金额,平台费,税费,净收益,最晚到货,状态,商品标题
2000014750087594,MLM,墨西哥,2026-01-17,2,40.42,3.10,9.44,27.88,2026-02-13,paid,Pistola Masajeador Fascial Gun Con Frío 
2000014750261806,MLA,阿根廷,2026-01-17,1,18.36,1.97,3.19,13.20,2026-02-06,paid,12v Cargador Rápido Inteligente Brpom Ca
2000014753655654,MLM,墨西哥,2026-01-17,1,12.29,1.55,4.11,6.63,2026-02-10,paid,Tensiómetro Digital Lomereces De Brazo A
2000014753834726,MCO,哥伦比亚,2026-01-17,1,10.07,2.06,0.00,8.01,2026-02-11,paid,Carpa Caseta D Baño Vestidor Portátil Fo
2000014755032276,MLM,墨西哥,2026-01-17,5,19.34,0.45,4.39,14.50,2026-02-11,paid,Audífonos In-ear Inalámbricos 1hora Indi
2000014755182374,MLM,墨西哥,2026-01-17,3,11.34,0.45,2.37,8.52,2026-02-10,paid,Audífonos In-ear Inalámbricos 1hora Indi
2000014758769918,MLM,墨西哥,2026-01-17,1,3.79,0.45,0.80,2.54,2026-02-09,paid,Audífonos In-ear Inalámbricos 1hora Indi
2000014759492216,MLM,墨西哥,2026-01-17,5,21.31,0.45,6.36,14.50,2026-02-10,paid,Audífonos In-ear Inalámbricos 1hora Indi
2000014762789174,MLC,智利,2026-01-18,1,10.16,1.32,1.62,7.22,2026-02-08,paid,Mini Plancha Viaje Tushop Soarin 700w Pl
2000014763986674,MLM,墨西哥,2026-01-18,1,6.94,1.14,1.25,4.55,2026-02-09,paid,Mini Batidor Eléctrico Portátil Mezclado
2000014767293952,MLM,墨西哥,2026-01-18,1,20.97,2.47,4.50,14.00,2026-02-10,paid,Espejo Retrovisor Cámara Dual Carro Dvr 
2000014775162990,MLA,阿根廷,2026-01-19,1,14.46,1.79,2.51,10.16,2026-02-09,paid,Kit Vlcyh Minéral 98 Cream +mineral 98 B
2000014775248352,MLA,阿根廷,2026-01-19,2,28.92,1.79,5.02,22.11,2026-02-06,paid,Kit Vlcyh Minéral 98 Cream +mineral 98 B
2000014775347940,MLA,阿根廷,2026-01-19,1,14.31,1.77,2.48,10.06,2026-02-18,paid,Kit Antiedad Hyalu B5, Vitamina C10 Pura
2000014778596392,MLA,阿根廷,2026-01-19,2,28.63,1.77,4.97,21.89,2026-02-10,paid,Kit Antiedad Hyalu B5, Vitamina C10 Pura
2000014780251464,MLC,智利,2026-01-19,1,15.18,2.09,3.22,9.87,2026-02-03,paid,Dual Anti-imperfecciones Y Anti-edad Ser
2000014781996412,MLA,阿根廷,2026-01-19,1,14.31,1.77,2.48,10.06,2026-02-06,paid,Kit Antiedad Hyalu B5, Vitamina C10 Pura
2000014792775214,MLM,墨西哥,2026-01-20,1,10.44,1.67,2.07,6.70,2026-02-11,paid,2025y Cc Termo L Owala Freesip, 32 Oz/94
2000014793793032,MCO,哥伦比亚,2026-01-20,1,10.09,1.87,0.00,8.22,2026-02-13,paid,Susielady A Cesta De Lavandería For Baño
2000014801472474,MLM,墨西哥,2026-01-20,1,7.23,1.00,2.23,4.00,2026-02-12,paid,Rodillera Ortopédica Deportiva Ajustable
2000014804334604,MCO,哥伦比亚,2026-01-21,2,11.40,0.94,0.00,10.46,2026-02-13,paid,K.z* Interruptor Inteligente Wi-fi De 1 
2000014807609652,MCO,哥伦比亚,2026-01-21,1,8.99,1.71,0.00,7.28,2026-02-20,paid,Base Refrigerante Cooling Pad 638a, 5 Ni
2000014814043184,MCO,哥伦比亚,2026-01-21,5,20.00,0.78,0.00,19.22,2026-02-18,paid,A Juguetes Respiratorios For Aliviar La 
2000014814184920,MCO,哥伦比亚,2026-01-21,5,20.00,0.78,0.00,19.22,2026-02-18,paid,A Juguetes Respiratorios For Aliviar La 
2000014814218448,MCO,哥伦比亚,2026-01-21,1,4.00,0.78,0.00,3.22,2026-02-16,paid,A Juguetes Respiratorios For Aliviar La 
2000014814393394,MCO,哥伦比亚,2026-01-21,5,20.00,0.78,0.00,19.22,2026-02-18,paid,A Juguetes Respiratorios For Aliviar La 
2000014814458376,MLM,墨西哥,2026-01-21,2,9.44,0.71,1.96,6.77,2026-02-12,paid,Botella Térmica De Agua Calientepeluche 
2000014815579266,MCO,哥伦比亚,2026-01-21,5,20.00,0.78,0.00,19.22,2026-02-18,paid,A Juguetes Respiratorios For Aliviar La 
2000014820957460,MCO,哥伦比亚,2026-01-22,1,133.15,20.54,32.96,79.65,2026-02-20,paid,Yao Maquina Cavitacion Ultrasonido Radio
2000014822963762,MCO,哥伦比亚,2026-01-22,1,5.70,0.94,0.00,4.76,2026-02-23,paid,K.z* Interruptor Inteligente Wi-fi De 1 
2000014831162802,MLM,墨西哥,2026-01-22,1,23.23,2.94,8.51,11.78,2026-02-13,paid,Pistola Masajeador Fascial Gun Con Frío 
2000014833633380,MLA,阿根廷,2026-01-23,1,9.57,1.15,1.66,6.76,2026-02-12,paid,Botella Térmica De Agua Calientepeluche 
2000014834013396,MLA,阿根廷,2026-01-23,1,12.84,1.49,2.23,9.12,2026-02-24,paid,Tabla De Cortar De Titanio De 3 Piezas T
2000014836835548,MCO,哥伦比亚,2026-01-23,2,20.18,1.87,0.00,18.31,2026-02-18,paid,Susielady A Cesta De Lavandería For Baño
2000014837132400,MCO,哥伦比亚,2026-01-23,1,5.70,0.94,0.00,4.76,2026-02-18,paid,K.z* Interruptor Inteligente Wi-fi De 1 
2000014837127010,MCO,哥伦比亚,2026-01-23,2,11.40,0.94,0.00,10.46,2026-02-18,paid,K.z* Interruptor Inteligente Wi-fi De 1 
2000014837286808,MCO,哥伦比亚,2026-01-23,2,11.40,0.94,0.00,10.46,2026-02-27,paid,K.z* Interruptor Inteligente Wi-fi De 1 
2000014840055774,MLA,阿根廷,2026-01-23,1,14.21,1.76,2.47,9.98,2026-02-13,paid,Lil Vl/chy Crema Noturno Firmador Pos-me
2000014840588658,MCO,哥伦比亚,2026-01-23,2,79.47,5.83,19.67,53.97,2026-02-18,paid,Máscara De Gas Completa Con Filtro 6001
2000014844124618,MCO,哥伦比亚,2026-01-23,1,5.00,0.95,0.00,4.05,2026-02-18,paid,Kit Carga Y Juega For Control Pila Bater
2000014844278188,MCO,哥伦比亚,2026-01-23,1,5.00,0.98,0.00,4.02,2026-02-18,paid,Y Que Puede Cantar
2000014848207058,MCO,哥伦比亚,2026-01-24,3,29.82,1.89,0.00,27.93,2026-02-27,paid,Tp-link Tl-wr840n Router Wifi N 2.4ghz 3
2000014848990460,MLA,阿根廷,2026-01-24,3,56.16,2.32,9.75,44.09,2026-02-18,paid,Dual Anti-imperfecciones Y Anti-edad Ser
2000014851363302,MCO,哥伦比亚,2026-01-24,1,10.01,1.75,0.00,8.26,2026-02-25,paid,Pulsovital Tensiómetro Digital Muñeca Au
2000014851618048,MCO,哥伦比亚,2026-01-24,1,6.85,1.13,0.00,5.72,2026-02-24,paid,K.z* Interruptor Inteligente Wi-fi De 1 
2000014851890460,MLM,墨西哥,2026-01-24,1,9.10,1.46,1.79,5.85,2026-02-16,paid,. Termo Owala Freesip 32 Oz/946 Ml Edici
2000014852935676,MLM,墨西哥,2026-01-24,1,14.05,1.90,4.54,7.61,2026-02-18,paid,Xing Antiladridos Ultrasónico For Adiest
2000014853794422,MLM,墨西哥,2026-01-24,1,11.27,1.49,3.23,6.55,2026-02-17,paid,. ! X5 Mini Camera, 1080p Wireless Wifi 
2000014853933176,MLM,墨西哥,2026-01-24,1,5.72,0.86,1.42,3.44,2026-02-17,paid,20 Piezas De Toallas De Microfibra Multi
2000014855530388,MLM,墨西哥,2026-01-25,1,11.93,1.80,2.48,7.65,2026-02-17,paid,Pulsovital Tensiómetro Digital Muñeca Au
2000014859013000,MLM,墨西哥,2026-01-25,1,24.75,2.47,8.28,14.00,2026-02-18,paid,Espejo Retrovisor Cámara Dual Carro Dvr 
2000014859382016,MCO,哥伦比亚,2026-01-25,1,4.55,0.89,0.00,3.66,2026-02-26,paid,Cute . Huevo.. Juguete Que Respira Y Ali
2000014859409392,MLA,阿根廷,2026-01-25,2,22.70,1.41,3.94,17.35,2026-02-18,paid,Crema Antiedad Vlchy Neovadiol Dia Post 
2000014860430936,MLM,墨西哥,2026-01-25,2,24.32,1.80,5.42,17.10,2026-02-18,paid,Pulsovital Tensiómetro Digital Muñeca Au
2000014864755668,MCO,哥伦比亚,2026-01-25,2,18.21,1.13,4.51,12.57,2026-02-25,paid,K.z* Interruptor Inteligente Wi-fi De 1 
2000014864755692,MCO,哥伦比亚,2026-01-25,2,18.21,1.13,4.51,12.57,2026-02-25,paid,K.z* Interruptor Inteligente Wi-fi De 1 
2000014864758652,MCO,哥伦比亚,2026-01-25,1,9.10,1.13,2.25,5.72,2026-02-25,paid,K.z* Interruptor Inteligente Wi-fi De 1 
2000014865597224,MCO,哥伦比亚,2026-01-25,2,20.00,1.85,0.00,18.15,2026-02-26,paid,Auriculares For Intercomunicador De Moto
2000014865595674,MCO,哥伦比亚,2026-01-25,2,20.00,1.85,0.00,18.15,2026-02-25,paid,Auriculares For Intercomunicador De Moto
2000014867735310,MCO,哥伦比亚,2026-01-26,1,8.75,1.53,0.00,7.22,2026-02-26,paid,Multímetro Digital Ut33c+ 600v Ac/dc Med
2000014869445378,MCO,哥伦比亚,2026-01-26,2,17.34,1.60,0.00,15.74,2026-02-27,paid,For Motocicleta Crash Bar Bag Bolsa De M
2000014869616348,MLA,阿根廷,2026-01-26,1,11.05,1.32,1.92,7.81,2026-02-25,paid,Gorro For Migraña Alivio Compresa De Gel
2000014870553560,MLM,墨西哥,2026-01-26,1,50.25,7.71,11.71,30.83,2026-02-17,paid,Extractor De Jugos Automatico Frutas Y V
2000014874137494,MCO,哥伦比亚,2026-01-26,1,4.00,0.78,0.00,3.22,2026-02-19,paid,Juguetes Respiratorios G Y Para Aliviar 
2000014874707816,MCO,哥伦比亚,2026-01-26,2,20.00,1.85,0.00,18.15,2026-02-20,paid,Auriculares For Intercomunicador De Moto
2000014874711894,MLM,墨西哥,2026-01-26,1,11.80,1.80,2.35,7.65,2026-02-18,paid,Pulsovital Tensiómetro Digital Muñeca Au
2000014875072412,MLM,墨西哥,2026-01-26,1,15.72,2.37,3.87,9.48,2026-02-19,paid,Cepillo Quita Pelos Zeropelo Twobrothers
2000014878278356,MCO,哥伦比亚,2026-01-26,2,6.86,0.67,0.00,6.19,2026-02-27,paid,Manilla Peluche Capibara Manilla Chiguir
2000014880044744,MCO,哥伦比亚,2026-01-26,5,20.00,0.78,0.00,19.22,2026-02-23,paid,Juguetes Respiratorios G Y Para Aliviar 
2000014880258482,MCO,哥伦比亚,2026-01-26,3,12.00,0.78,0.00,11.22,2026-02-23,paid,Juguetes Respiratorios G Y Para Aliviar 
2000014880293610,MCO,哥伦比亚,2026-01-26,2,17.34,1.60,0.00,15.74,2026-02-19,paid,For Motocicleta Crash Bar Bag Bolsa De M
2000014881232444,MLM,墨西哥,2026-01-27,1,6.29,1.03,1.13,4.13,2026-02-17,paid,K.z* Interruptor Inteligente Wi-fi De 1 
2000014881223990,MLM,墨西哥,2026-01-27,2,12.57,1.03,2.25,9.29,2026-02-17,paid,K.z* Interruptor Inteligente Wi-fi De 1 
2000014881230884,MLM,墨西哥,2026-01-27,2,12.57,1.03,2.25,9.29,2026-02-17,paid,K.z* Interruptor Inteligente Wi-fi De 1 
2000014881841438,MLM,墨西哥,2026-01-27,1,9.28,1.46,1.97,5.85,2026-02-17,paid,. Termo Owala Freesip 32 Oz/946 Ml Edici
2000014882383634,MLA,阿根廷,2026-01-27,3,56.16,2.32,9.75,44.09,2026-02-14,paid,Dual Anti-imperfecciones Y Anti-edad Ser
2000014883544188,MLA,阿根廷,2026-01-27,2,37.44,2.32,6.50,28.62,2026-02-14,paid,Dual Anti-imperfecciones Y Anti-edad Ser
2000014884856390,MLM,墨西哥,2026-01-27,1,12.61,1.80,3.12,7.69,2026-02-17,paid,Tensiómetro Digital Gen Automático De Br
2000014885907628,MLM,墨西哥,2026-01-27,1,8.88,1.05,1.87,5.96,2026-02-17,paid,. Cámara Deportiva Impermeable Para Cicl
2000014888179744,MLA,阿根廷,2026-01-27,1,18.72,2.32,3.25,13.15,2026-02-14,paid,Dual Anti-imperfecciones Y Anti-edad Ser
2000014888340348,MLM,墨西哥,2026-01-27,1,15.42,2.18,3.32,9.92,2026-02-19,paid,Tacómetro Universal Negro Para Coche De 
2000014888489074,MCO,哥伦比亚,2026-01-27,1,4.00,0.70,0.00,3.30,2026-02-26,paid,New New Bolsa Agua Caliente Peluche Stit
2000014889116032,MLM,墨西哥,2026-01-27,2,24.51,1.80,5.61,17.10,2026-02-20,paid,Pulsovital Tensiómetro Digital Muñeca Au
2000014890145590,MLM,墨西哥,2026-01-27,1,9.07,1.46,1.76,5.85,2026-02-19,paid,. Termo Owala Freesip 32 Oz/946 Ml Edici
2000014893747980,MLM,墨西哥,2026-01-27,2,19.07,1.46,4.45,13.16,2026-02-19,paid,. Termo Owala Freesip 32 Oz/946 Ml Edici
2000014894500156,MLM,墨西哥,2026-01-27,1,9.38,1.46,2.07,5.85,2026-02-18,paid,. Termo Owala Freesip 32 Oz/946 Ml Edici
2000014895715804,MLA,阿根廷,2026-01-27,1,161.76,20.72,28.07,112.97,2026-02-27,paid,Proteina Iso 100 5 Libras Gourmet Chocol
2000014895952920,MCO,哥伦比亚,2026-01-27,2,17.34,1.60,0.00,15.74,2026-02-27,paid,For Motocicleta Crash Bar Bag Bolsa De M
2000014896013032,MLM,墨西哥,2026-01-28,1,9.47,1.46,2.16,5.85,2026-02-19,paid,. Termo Owala Freesip 32 Oz/946 Ml Edici
2000014896921980,MLB,巴西,2026-01-28,1,9.98,1.10,3.33,5.55,2026-03-03,paid,. Kit De Clipes De Carro Com 925 Peças -
2000014897528782,MCO,哥伦比亚,2026-01-28,2,27.70,2.42,0.00,25.28,2026-02-27,paid,Potente Soplador De Barbacoa, Encendedor
2000014899357118,MLA,阿根廷,2026-01-28,3,68.32,1.97,22.81,43.54,2026-03-03,paid,12v Cargador Rápido Inteligente Brpom Ca
2000014899513270,MCO,哥伦比亚,2026-01-28,1,8.67,1.60,0.00,7.07,2026-02-27,paid,For Motocicleta Crash Bar Bag Bolsa De M
2000014910790904,MLM,墨西哥,2026-01-28,1,11.70,1.86,2.41,7.43,2026-02-20,paid,. Termo Owala Freesip 32 Oz/946 Ml Edici
2000014921557874,MCO,哥伦比亚,2026-01-29,2,18.98,1.76,0.00,17.22,2026-02-26,paid,For Motocicleta Crash Bar Bag Bolsa De M
2000014923697528,MLM,墨西哥,2026-01-29,1,8.20,1.01,2.88,4.31,2026-02-25,paid,Hjkggff 3*crema Hidratante Nida Youthful
2000014924277698,MLM,墨西哥,2026-01-29,1,13.51,1.31,4.79,7.41,2026-02-19,paid,Rxp Q Rx Caja De Carga Para Para Buds2 S
2000014924628512,MLM,墨西哥,2026-01-29,1,12.51,1.65,4.25,6.61,2026-02-25,paid,Máquina Afeitadora Y Cortadora De Pelo G
2000014925106000,MLM,墨西哥,2026-01-30,1,12.04,1.86,2.74,7.44,2026-02-20,paid,. Termo Owala Freesip 32 Oz/946 Ml Edici
2000014925245774,MLM,墨西哥,2026-01-30,1,11.64,1.86,2.34,7.44,2026-02-23,paid,. Termo Owala Freesip 32 Oz/946 Ml Edici
2000014934073716,MLM,墨西哥,2026-01-30,1,14.24,1.86,4.94,7.44,2026-03-18,paid,. Termo Owala Freesip 32 Oz/946 Ml Edici
2000014934354480,MLM,墨西哥,2026-01-30,1,6.47,1.02,1.38,4.07,2026-03-18,paid,/ A New Práctico Bolsa De Almuerzo Nombr
2000014935100906,MLA,阿根廷,2026-01-30,3,40.55,1.56,7.04,31.95,2026-02-21,paid,Tabla De Cortar De Titanio De 3 Piezas T
2000014936518598,MLA,阿根廷,2026-01-30,1,13.52,1.56,2.35,9.61,2026-02-21,paid,Tabla De Cortar De Titanio De 3 Piezas T
2000014947639258,MLM,墨西哥,2026-01-31,1,10.04,1.51,2.48,6.05,2026-03-23,paid,Xing Antiladridos Ultrasónico For Adiest
2000014950047906,MLM,墨西哥,2026-01-31,1,10.88,1.56,2.69,6.63,2026-03-19,paid,Tensiómetro Digital Lomereces De Brazo A
2000014950702604,MLM,墨西哥,2026-02-01,1,31.08,3.61,7.01,20.46,2026-03-17,paid,Espejo Retrovisor Cámara Dual Carro Dvr 
2000014953649818,MLA,阿根廷,2026-02-01,1,20.81,2.44,3.61,14.76,2026-03-14,paid,Calentador Plegable Portable Hervidor De
2000014954943582,MCO,哥伦比亚,2026-02-01,2,18.98,1.76,0.00,17.22,2026-03-30,paid,For Motocicleta Crash Bar Bag Bolsa De M
2000014955746334,MLA,阿根廷,2026-02-01,1,19.75,2.37,3.43,13.95,2026-03-14,paid,My Sw Cortina De Ducha Magnética Plegabl
2000014956357300,MCO,哥伦比亚,2026-02-01,2,20.90,1.93,0.00,18.97,2026-03-25,paid,Auriculares For Intercomunicador De Moto
2000014957542712,MLA,阿根廷,2026-02-01,1,18.72,2.32,3.25,13.15,2026-03-18,paid,Dual Anti-imperfecciones Y Anti-edad Ser
2000014960884838,MCO,哥伦比亚,2026-02-01,2,20.90,1.93,0.00,18.97,2026-03-25,paid,Auriculares For Intercomunicador De Moto
2000014973452524,MLM,墨西哥,2026-02-02,1,5.19,0.50,1.88,2.81,2026-03-18,paid,Antena Tdt Full Hd Interior Y Ext. Tv Di
2000014979355366,MLM,墨西哥,2026-02-02,1,6.55,1.04,1.37,4.14,2026-03-20,paid,Mini Batidor Eléctrico Portátil Mezclado
2000014981442872,MLM,墨西哥,2026-02-03,1,10.42,1.20,2.41,6.81,2026-03-20,paid,. Cámara Deportiva Impermeable Para Cicl
2000014982841978,MLA,阿根廷,2026-02-03,1,11.05,1.32,1.92,7.81,2026-03-16,paid,Gorro For Migraña Alivio Compresa De Gel
2000014989350104,MLM,墨西哥,2026-02-03,1,9.69,1.15,2.02,6.52,2026-03-23,paid,Kit Vlogging Trípode Estabilizador Video
2000014992257242,MLA,阿根廷,2026-02-03,3,55.07,1.97,9.56,43.54,2026-03-16,paid,12v Cargador Rápido Inteligente Brpom Ca
2000014992639322,MLM,墨西哥,2026-02-03,1,34.89,5.46,7.61,21.82,2026-03-18,paid,Masajeador Muscular Inalámbrico Negro Fa
2000014994734344,MCO,哥伦比亚,2026-02-03,1,10.45,1.93,0.00,8.52,2026-03-23,paid,Auriculares For Intercomunicador De Moto
2000014996157404,MLA,阿根廷,2026-02-03,1,18.36,1.97,3.19,13.20,2026-03-16,paid,12v Cargador Rápido Inteligente Brpom Ca
2000015012344796,MLM,墨西哥,2026-02-04,1,21.63,3.42,4.52,13.69,2026-03-24,paid,P Kawaii Pokmon Plushies - Collection Fo
2000015013133118,MLM,墨西哥,2026-02-05,2,44.77,3.42,10.55,30.80,2026-03-24,paid,P Kawaii Pokmon Plushies - Collection Fo
2000015024245828,MLM,墨西哥,2026-02-05,1,7.35,1.11,1.82,4.42,2026-03-23,paid,Y New Divertidas Figuras Italianas De An
2000015024804950,MCO,哥伦比亚,2026-02-05,2,21.64,2.00,0.00,19.64,2026-03-26,paid,For Motocicleta Crash Bar Bag Bolsa De M
2000015038494868,MLM,墨西哥,2026-02-06,1,7.65,0.98,2.47,4.20,2026-03-25,paid,Gorro De Gel Alivio Dolor De Cabeza Migr
2000015038721926,MLM,墨西哥,2026-02-06,1,12.88,1.53,2.65,8.70,2026-03-23,paid,Kit Vlogging Trípode Estabilizador Video
2000015050733480,MLM,墨西哥,2026-02-07,2,13.67,0.97,3.95,8.75,2026-03-23,paid,//cortauñas En Suiza 1 Pieza Fabricado\\
2000015053514510,MCO,哥伦比亚,2026-02-07,1,7.99,1.40,0.00,6.59,2026-04-07,paid,Pulsovital Tensiómetro Digital Muñeca Au
2000015059517206,MCO,哥伦比亚,2026-02-08,1,7.01,1.37,0.00,5.64,2026-04-08,paid,Y Que Puede Cantar
2000015060551120,MLA,阿根廷,2026-02-08,1,14.96,1.85,2.60,10.51,2026-03-19,paid,Lil Vl/chy Crema Noturno Firmador Pos-me
2000015062780568,MLM,墨西哥,2026-02-08,1,6.87,0.97,2.01,3.89,2026-03-23,paid,//cortauñas En Suiza 1 Pieza Fabricado\\
2000015071881122,MLM,墨西哥,2026-02-09,2,8.28,0.50,1.66,6.12,2026-03-25,paid,Antena Tdt Full Hd Interior Y Ext. Tv Di
2000015076700362,MLA,阿根廷,2026-02-09,1,18.72,2.32,3.25,13.15,2026-03-19,paid,Dual Anti-imperfecciones Y Anti-edad Ser
2000015083042140,MLA,阿根廷,2026-02-09,1,14.96,1.85,2.60,10.51,2026-04-10,paid,Lil Vl/chy Crema Noturno Firmador Pos-me
2000015085623800,MLM,墨西哥,2026-02-10,1,13.51,1.31,4.79,7.41,2026-03-23,paid,Rxp Q Rx Caja De Carga Para Para Buds2 S
2000015090777440,MCO,哥伦比亚,2026-02-10,2,26.88,2.22,0.00,24.66,2026-03-26,paid,Filtros Refrigerador Lt1000p Adq747935, 
2000015107300938,MLA,阿根廷,2026-02-11,1,18.72,2.32,3.25,13.15,2026-03-19,paid,Dual Anti-imperfecciones Y Anti-edad Ser
2000015108649036,MLA,阿根廷,2026-02-11,1,18.36,1.97,3.19,13.20,2026-03-19,paid,12v Cargador Rápido Inteligente Brpom Ca
2000015111837114,MLA,阿根廷,2026-02-11,1,15.90,1.97,2.76,11.17,2026-03-19,paid,Kit Vlcyh Minéral 98 Cream +mineral 98 B
2000015120378774,MCO,哥伦比亚,2026-02-12,2,21.64,2.00,0.00,19.64,2026-04-06,paid,For Motocicleta Crash Bar Bag Bolsa De M
2000015127619812,MLM,墨西哥,2026-02-12,2,12.60,0.97,2.88,8.75,2026-03-24,paid,//cortauñas En Suiza 1 Pieza Fabricado\\
2000015130133808,MLM,墨西哥,2026-02-12,1,6.97,1.11,1.44,4.42,2026-03-23,paid,Y New Divertidas Figuras Italianas De An
2000015132678000,MLM,墨西哥,2026-02-13,1,8.65,1.36,1.87,5.42,2026-03-24,paid,Para Rm Y De Fitness De Acero Inoxidable
2000015133677318,MLA,阿根廷,2026-02-13,1,14.96,1.85,2.60,10.51,2026-03-19,paid,Lil Vl/chy Crema Noturno Firmador Pos-me
2000015139976928,MLA,阿根廷,2026-02-13,1,15.20,1.76,2.64,10.80,2026-03-20,paid,Tabla De Cortar De Titanio De 3 Piezas T
2000015141096408,MLA,阿根廷,2026-02-13,1,23.28,2.79,4.04,16.45,2026-03-19,paid,Q N Orejeras De Tiro Electrónico Con Red
2000015142828160,MLA,阿根廷,2026-02-13,2,37.44,2.32,6.50,28.62,2026-03-20,paid,Dual Anti-imperfecciones Y Anti-edad Ser
2000015145661004,MLA,阿根廷,2026-02-14,1,14.68,1.82,2.55,10.31,2026-03-19,paid,Set X8 Bolsas Malla For Lavar Ropa Delic
2000015148629098,MCO,哥伦比亚,2026-02-14,1,6.98,1.15,0.00,5.83,2026-04-01,paid,K.z* Interruptor Inteligente Wi-fi De 1 
2000015148631104,MCO,哥伦比亚,2026-02-14,2,13.96,1.15,0.00,12.81,2026-04-01,paid,K.z* Interruptor Inteligente Wi-fi De 1 
2000015148629142,MCO,哥伦比亚,2026-02-14,2,13.96,1.15,0.00,12.81,2026-04-01,paid,K.z* Interruptor Inteligente Wi-fi De 1 
2000015152042172,MLA,阿根廷,2026-02-14,1,11.07,1.33,1.92,7.82,-,paid,Gorro De Gel Alivio Dolor De Cabeza Migr
2000015154206246,MLA,阿根廷,2026-02-15,1,18.36,1.97,3.19,13.20,2026-03-19,paid,12v Cargador Rápido Inteligente Brpom Ca
2000015156491442,MLA,阿根廷,2026-02-15,1,18.72,2.32,3.25,13.15,2026-03-19,paid,Dual Anti-imperfecciones Y Anti-edad Ser
2000015160477590,MLA,阿根廷,2026-02-15,2,37.44,2.32,6.50,28.62,2026-03-19,paid,Dual Anti-imperfecciones Y Anti-edad Ser
2000015164572562,MLM,墨西哥,2026-02-16,1,10.62,1.68,2.24,6.70,2026-03-24,paid,2025y Cc Termo L Owala Freesip, 32 Oz/94
2000015172229532,MLA,阿根廷,2026-02-16,1,15.20,1.76,2.64,10.80,2026-03-20,paid,Tabla De Cortar De Titanio De 3 Piezas T
2000015172455556,MLA,阿根廷,2026-02-16,1,15.20,1.76,2.64,10.80,2026-03-19,paid,Tabla De Cortar De Titanio De 3 Piezas T
2000015175954070,MLA,阿根廷,2026-02-16,1,18.72,2.32,3.25,13.15,2026-03-19,paid,Dual Anti-imperfecciones Y Anti-edad Ser
2000015176716148,MLM,墨西哥,2026-02-16,4,60.53,2.13,14.45,43.95,2026-03-25,paid,Cámara H.view Ahd 5001 *qw .t C
2000015183680504,MLA,阿根廷,2026-02-17,3,45.59,1.76,7.91,35.92,2026-03-19,paid,Tabla De Cortar De Titanio De 3 Piezas T
2000015185483510,MLM,墨西哥,2026-02-17,2,14.50,0.93,4.16,9.41,2026-03-25,paid,Rodillera Estabilizadora Multifuncional 
2000015193916810,MLM,墨西哥,2026-02-18,2,14.66,0.94,4.78,8.94,2026-03-26,paid,Gorro De Gel Alivio Dolor De Cabeza Migr
2000015197518780,MLM,墨西哥,2026-02-18,1,8.40,1.31,1.86,5.23,2026-03-23,paid,Para Rm Y De Fitness De Acero Inoxidable
2000015198746612,MLM,墨西哥,2026-02-18,1,8.17,1.06,2.87,4.24,2026-03-25,paid,Ecosistema Acuático Marimo Algas En Bote
2000015219018624,MLM,墨西哥,2026-02-20,1,40.11,6.14,9.40,24.57,2026-03-23,paid,Masajeador Relajador Magic Massager 7 En
2000015219298754,MLM,墨西哥,2026-02-20,1,7.04,1.06,1.74,4.24,2026-03-27,paid,Ecosistema Acuático Marimo Algas En Bote
2000015227565352,MLM,墨西哥,2026-02-20,1,19.11,2.45,5.88,10.78,2026-03-24,paid,W Game Stick Lite 64 Gb Retro 10 Mil Jog
2000015227809078,MLM,墨西哥,2026-02-20,1,11.29,1.75,2.54,7.00,2026-03-26,paid,Pelcia Astro De 35 Cm De L. Del Mundo De
2000015228310936,MLM,墨西哥,2026-02-20,1,14.56,2.13,3.04,9.39,2026-03-20,paid,Cámara H.view Ahd 5001 *qw .t C
2000015232507082,MLM,墨西哥,2026-02-21,1,10.68,1.68,2.30,6.70,2026-03-25,paid,2025y Cc Termo L Owala Freesip, 32 Oz/94
2000015237052322,MLM,墨西哥,2026-02-21,2,22.23,1.68,5.46,15.09,2026-03-20,paid,2025y Cc Termo L Owala Freesip, 32 Oz/94
2000015242923128,MLM,墨西哥,2026-02-21,5,32.20,1.00,7.20,24.00,2026-03-23,paid,Evora Respirando Koala Bebé Compañero Su
2000015243760502,MLM,墨西哥,2026-02-22,1,13.54,1.81,4.50,7.23,2026-03-24,paid,Decantador De Whisky Con Forma De Tortug
2000015243857102,MLM,墨西哥,2026-02-22,1,8.25,1.31,1.71,5.23,2026-03-24,paid,Para Rm Y De Fitness De Acero Inoxidable
2000015246731166,MLM,墨西哥,2026-02-22,1,12.11,1.64,2.99,7.48,2026-03-23,paid,Pedal Cesto Tacho Basura Acero Inoxidabl
2000015253733252,MLM,墨西哥,2026-02-22,1,27.08,4.17,6.23,16.68,2026-03-23,paid,Nuevostray Kids Skz It Tape Do It [it Ve
2000015264162766,MLM,墨西哥,2026-02-23,1,6.30,0.94,1.36,4.00,2026-03-23,paid,Gorro De Gel Alivio Dolor De Cabeza Migr
2000015268969914,MLM,墨西哥,2026-02-24,1,12.27,1.68,3.89,6.70,2026-03-23,paid,2025y Cc Termo L Owala Freesip, 32 Oz/94
2000015269214120,MLM,墨西哥,2026-02-24,1,6.56,0.94,1.62,4.00,2026-03-23,paid,Gorro De Gel Alivio Dolor De Cabeza Migr
2000015269253182,MLM,墨西哥,2026-02-24,1,11.53,1.64,2.41,7.48,2026-03-23,paid,Pedal Cesto Tacho Basura Acero Inoxidabl
2000015322853188,MLA,阿根廷,2026-02-27,1,18.72,2.32,3.25,13.15,2026-03-20,paid,Dual Anti-imperfecciones Y Anti-edad Ser
2000015324185232,MLA,阿根廷,2026-02-27,1,15.33,1.84,2.66,10.83,2026-03-26,paid,It! Basta Piensa Rápido En Español
2000015332586646,MLA,阿根廷,2026-02-28,2,37.44,2.32,6.50,28.62,2026-03-25,paid,Dual Anti-imperfecciones Y Anti-edad Ser
2000015332968424,MLA,阿根廷,2026-02-28,1,18.72,2.32,3.25,13.15,-,paid,Dual Anti-imperfecciones Y Anti-edad Ser
2000015334202200,MLA,阿根廷,2026-02-28,1,21.40,2.57,3.71,15.12,2026-03-23,paid,Mini Máquina De Coser Recta Portátil Cou
2000015336249878,MLA,阿根廷,2026-02-28,3,56.16,2.32,9.75,44.09,2026-03-25,paid,Dual Anti-imperfecciones Y Anti-edad Ser
2000015342561894,MLA,阿根廷,2026-03-01,1,11.99,1.39,2.08,8.52,2026-04-15,paid,De Seguridad Alarm Lock Acero Con Alarma
2000015343614108,MLA,阿根廷,2026-03-01,1,18.72,2.32,3.25,13.15,2026-03-23,paid,Dual Anti-imperfecciones Y Anti-edad Ser
2000015343614104,MLA,阿根廷,2026-03-01,1,13.48,1.73,2.34,9.41,2026-03-23,paid,Ss Nad + Ribosido De Nicotinamida 900 Re
2000015343713690,MLA,阿根廷,2026-03-01,1,23.28,2.79,4.04,16.45,2026-04-27,paid,Q N Orejeras De Tiro Electrónico Con Red
2000015346200422,MLA,阿根廷,2026-03-01,1,18.72,2.32,3.25,13.15,2026-04-06,paid,Dual Anti-imperfecciones Y Anti-edad Ser
2000014758085144,MLB,巴西,2026-01-17,1,0.00,2.22,6.73,-8.95,2026-02-24,cancelled,Cafeteira Elétrica C-42-2x-ri Com 2 Xíca
2000014760811030,MLM,墨西哥,2026-01-18,1,0.00,1.02,2.67,-3.69,2026-02-09,cancelled,Mirror Auto Adhesivo 20 X 79 Grandes Peg
2000014761718350,MLM,墨西哥,2026-01-18,1,0.00,2.24,3.39,-5.63,2026-02-11,cancelled,Gorra Thirty One Hats El Mago / Edición 
2000014771802010,MCO,哥伦比亚,2026-01-18,1,0.00,2.80,0.00,-2.80,2026-02-17,cancelled,Cafetera Eléctrica C-42-2x-ri Con 2 Taza
2000014772437434,MCO,哥伦比亚,2026-01-19,1,0.00,1.15,0.00,-1.15,2026-02-13,cancelled,Kit Carga Y Juega For Control Pila Bater
2000014775621998,MLA,阿根廷,2026-01-19,1,0.00,1.77,2.48,-4.25,2026-02-06,cancelled,Kit Antiedad Hyalu B5, Vitamina C10 Pura
2000014775625450,MLA,阿根廷,2026-01-19,1,0.00,1.79,2.51,-4.30,2026-02-06,cancelled,Kit Vlcyh Minéral 98 Cream +mineral 98 B
2000014782645142,MLA,阿根廷,2026-01-19,1,0.00,1.77,2.48,-4.25,2026-02-10,cancelled,Kit Antiedad Hyalu B5, Vitamina C10 Pura
2000014785936326,MLM,墨西哥,2026-01-19,2,0.00,2.96,9.69,-12.65,2026-02-10,cancelled,Cafetera Eléctrica C-42-2x-ri Con 2 Taza
2000014785936352,MLM,墨西哥,2026-01-19,1,0.00,2.96,4.85,-7.81,2026-02-10,cancelled,Cafetera Eléctrica C-42-2x-ri Con 2 Taza
2000014802770386,MLC,智利,2026-01-21,1,0.00,1.75,1.71,-3.46,2026-02-05,cancelled,Carpa Caseta D Baño Vestidor Portátil Fo
2000014804052528,MLC,智利,2026-01-21,5,0.00,1.23,5.70,-6.93,2026-02-05,cancelled,144 Minimodelos De Muñecos De 2 A 3 Cm P
2000014807947836,MLB,巴西,2026-01-21,1,0.00,1.58,4.78,-6.36,2026-02-24,cancelled,Vestiário Portátil Do Banheiro Da Barrac
2000014808211360,MLB,巴西,2026-01-21,1,0.00,4.79,12.94,-17.73,2026-03-04,cancelled,Parafusadeira Furadeira De Impacto The B
2000014813058130,MLB,巴西,2026-01-21,2,0.00,1.82,10.80,-12.62,2026-02-26,cancelled,Ferro De Passar Roupa A Seco Com Base De
2000014813041990,MLB,巴西,2026-01-21,3,0.00,1.82,16.20,-18.02,2026-02-26,cancelled,Ferro De Passar Roupa A Seco Com Base De
2000014834801854,MLA,阿根廷,2026-01-23,1,0.00,2.67,4.15,-6.82,2026-02-19,cancelled,Parafusadeira Furadeira De Impacto The B
2000014835757730,MLB,巴西,2026-01-23,2,0.00,1.82,9.82,-11.64,2026-02-25,cancelled,Ferro De Passar Roupa A Seco Com Base De
2000014838856878,MLA,阿根廷,2026-01-23,2,0.00,2.67,8.31,-10.98,2026-02-18,cancelled,Parafusadeira Furadeira De Impacto The B
2000014843592728,MLA,阿根廷,2026-01-23,1,0.00,2.67,4.15,-6.82,2026-02-12,cancelled,Parafusadeira Furadeira De Impacto The B
2000014843683564,MLA,阿根廷,2026-01-23,1,0.00,2.67,4.15,-6.82,2026-02-12,cancelled,Parafusadeira Furadeira De Impacto The B
2000014853210014,MCO,哥伦比亚,2026-01-24,1,0.00,0.98,0.00,-0.98,2026-02-24,cancelled,Y Que Puede Cantar
2000014858418994,MCO,哥伦比亚,2026-01-25,2,0.00,2.42,9.12,-11.54,2026-02-25,cancelled,Potente Soplador De Barbacoa, Encendedor
2000014858415878,MCO,哥伦比亚,2026-01-25,2,0.00,2.42,9.12,-11.54,2026-02-25,cancelled,Potente Soplador De Barbacoa, Encendedor
2000014866178054,MLA,阿根廷,2026-01-25,1,0.00,6.39,9.94,-16.33,2026-02-13,cancelled,Parafusadeira Furadeira De Impacto The B
2000014873012092,MLM,墨西哥,2026-01-26,1,0.00,0.85,1.42,-2.27,2026-02-17,cancelled,Kit Carga Y Juega For Control Pila Bater
2000014874049212,MLM,墨西哥,2026-01-26,1,0.00,1.46,2.00,-3.46,2026-02-18,cancelled,. Termo Owala Freesip 32 Oz/946 Ml Edici
2000014879117070,MLM,墨西哥,2026-01-26,1,0.00,1.25,4.66,-5.91,2026-02-16,cancelled,Rxp Q Rx Caja De Carga Para Para Buds2 S
2000014880504526,MLM,墨西哥,2026-01-26,1,0.00,1.46,2.00,-3.46,2026-02-19,cancelled,. Termo Owala Freesip 32 Oz/946 Ml Edici
2000014881118708,MLM,墨西哥,2026-01-27,5,0.00,0.86,6.22,-7.08,2026-02-19,cancelled,20 Piezas De Toallas De Microfibra Multi
2000014886242628,MCO,哥伦比亚,2026-01-27,1,0.00,1.09,0.00,-1.09,2026-02-20,cancelled,De Seguridad Alarm Lock Acero Con Alarma
2000014892830868,MLM,墨西哥,2026-01-27,1,0.00,1.46,2.01,-3.47,2026-02-18,cancelled,. Termo Owala Freesip 32 Oz/946 Ml Edici
2000014894007348,MCO,哥伦比亚,2026-01-27,2,0.00,2.42,0.00,-2.42,2026-02-25,cancelled,Potente Soplador De Barbacoa, Encendedor
2000014903384322,MCO,哥伦比亚,2026-01-28,1,0.00,1.53,0.00,-1.53,2026-03-02,cancelled,Multímetro Digital Ut33c+ 600v Ac/dc Med
2000014905618704,MCO,哥伦比亚,2026-01-28,1,0.00,1.87,0.00,-1.87,2026-02-27,cancelled,Susielady A Cesta De Lavandería For Baño
2000014905843068,MCO,哥伦比亚,2026-01-28,1,0.00,1.87,0.00,-1.87,2026-02-27,cancelled,Susielady A Cesta De Lavandería For Baño
2000014907224122,MCO,哥伦比亚,2026-01-28,1,0.00,0.65,0.00,-0.65,2026-02-23,cancelled,Antena Tdt Full Hd Interior Y Ext. Tv Di
2000014910542344,MCO,哥伦比亚,2026-01-28,1,0.00,1.87,0.00,-1.87,2026-03-02,cancelled,Susielady A Cesta De Lavandería For Baño
2000014910542370,MCO,哥伦比亚,2026-01-28,1,0.00,1.87,0.00,-1.87,2026-03-02,cancelled,Susielady A Cesta De Lavandería For Baño
2000014910566866,MCO,哥伦比亚,2026-01-28,1,0.00,1.87,0.00,-1.87,2026-02-23,cancelled,Susielady A Cesta De Lavandería For Baño
2000014911038402,MCO,哥伦比亚,2026-01-29,1,0.00,1.87,0.00,-1.87,2026-02-25,cancelled,Susielady A Cesta De Lavandería For Baño
2000014924034388,MCO,哥伦比亚,2026-01-29,2,0.00,1.00,0.00,-1.00,2026-04-01,cancelled,Juguetes Respiratorios G Y Para Aliviar 
2000014924401222,MCO,哥伦比亚,2026-01-29,1,0.00,1.00,0.00,-1.00,2026-03-04,cancelled,Juguetes Respiratorios G Y Para Aliviar 
2000014932250336,MLM,墨西哥,2026-01-30,1,0.00,1.46,1.90,-3.36,2026-03-23,cancelled,Pelcia Astro De 35 Cm De L. Del Mundo De
2000014942135364,MCO,哥伦比亚,2026-01-31,4,0.00,1.93,0.00,-1.93,2026-03-23,cancelled,Auriculares For Intercomunicador De Moto
2000014942608588,MLA,阿根廷,2026-01-31,2,0.00,2.32,6.50,-8.82,2026-03-14,cancelled,Dual Anti-imperfecciones Y Anti-edad Ser
2000014942606470,MLA,阿根廷,2026-01-31,1,0.00,1.55,2.10,-3.65,2026-03-14,cancelled,Yyyy Suplemento De De Krill Antártico Ca
2000014954696490,MCO,哥伦比亚,2026-02-01,3,0.00,2.79,0.00,-2.79,2026-03-30,cancelled,Radio Comunicaciones X 2 Bf 777s Negro 3
2000014955366234,MCO,哥伦比亚,2026-02-01,4,0.00,1.93,0.00,-1.93,2026-03-23,cancelled,Auriculares For Intercomunicador De Moto
2000014959892652,MLM,墨西哥,2026-02-01,1,0.00,2.60,3.73,-6.33,2026-03-20,cancelled,Gorra Dandy Hats 9th Aniversario La Los 
2000014960452848,MCO,哥伦比亚,2026-02-01,1,0.00,1.20,0.00,-1.20,2026-03-26,cancelled,Jun88 Yp Pa De Orégano Semilla Negra Car
2000014963393476,MLM,墨西哥,2026-02-02,1,0.00,1.32,1.91,-3.23,2026-03-19,cancelled,Riñonera W Athletica Everywhere, Negra G
2000014966920606,MCO,哥伦比亚,2026-02-02,4,0.00,1.93,0.00,-1.93,2026-03-23,cancelled,Auriculares For Intercomunicador De Moto
2000014968338330,MCO,哥伦比亚,2026-02-02,1,0.00,1.01,0.00,-1.01,2026-03-30,cancelled,Jun88 . De Orégano Semilla Negra Carvacr
2000014980446040,MCO,哥伦比亚,2026-02-02,4,0.00,1.93,0.00,-1.93,2026-03-23,cancelled,Auriculares For Intercomunicador De Moto
2000014983561242,MCO,哥伦比亚,2026-02-03,4,0.00,1.93,0.00,-1.93,2026-03-23,cancelled,Auriculares For Intercomunicador De Moto
2000014991337768,MCO,哥伦比亚,2026-02-03,4,0.00,1.93,0.00,-1.93,2026-03-23,cancelled,Auriculares For Intercomunicador De Moto
2000014992726460,MCO,哥伦比亚,2026-02-03,4,0.00,1.93,0.00,-1.93,2026-03-23,cancelled,Auriculares For Intercomunicador De Moto
2000014994518956,MLM,墨西哥,2026-02-03,1,0.00,2.94,4.14,-7.08,2026-03-18,cancelled,Pistola Masajeador Fascial Gun Con Frío 
2000014994517226,MLM,墨西哥,2026-02-03,1,0.00,2.94,4.14,-7.08,2026-03-18,cancelled,Pistola Masajeador Fascial Gun Con Frío 
2000014994517208,MLM,墨西哥,2026-02-03,1,0.00,2.94,4.14,-7.08,2026-03-18,cancelled,Pistola Masajeador Fascial Gun Con Frío 
2000014994717884,MCO,哥伦比亚,2026-02-03,2,0.00,1.93,0.00,-1.93,2026-03-23,cancelled,Auriculares For Intercomunicador De Moto
2000015031281106,MLA,阿根廷,2026-02-06,1,0.00,1.97,1.34,-3.31,2026-04-11,cancelled,Externo Duro 2tb 2000gb Sólido Mini Port
2000015040918288,MLA,阿根廷,2026-02-06,1,0.00,1.97,3.19,-5.16,2026-03-30,cancelled,12v Cargador Rápido Inteligente Brpom Ca
2000015075427782,MCO,哥伦比亚,2026-02-09,1,0.00,2.34,0.00,-2.34,2026-04-07,cancelled,Solución Tonificante Ácido Glicólico 7% 
2000015085288704,MLM,墨西哥,2026-02-10,1,0.00,1.31,2.43,-3.74,2026-03-25,cancelled,Rxp Q Rx Caja De Carga Para Para Buds2 S
2000015091087832,MCO,哥伦比亚,2026-02-10,1,0.00,1.10,0.00,-1.10,2026-04-06,cancelled,Suplemento De L-teanina 400 120 Capsules
2000015113632280,MCO,哥伦比亚,2026-02-11,1,0.00,2.12,0.00,-2.12,2026-04-08,cancelled,Auriculares For Intercomunicador De Moto
2000015123985900,MLA,阿根廷,2026-02-12,1,0.00,1.97,1.34,-3.31,2026-04-11,cancelled,Externo Duro 2tb 2000gb Sólido Mini Port
2000015133888542,MLA,阿根廷,2026-02-13,1,0.00,1.97,1.34,-3.31,2026-04-11,cancelled,Externo Duro 2tb 2000gb Sólido Mini Port
2000015140678804,MLM,墨西哥,2026-02-13,2,0.00,1.11,2.66,-3.77,2026-03-24,cancelled,Ecosistema Acuático Marimo Algas En Bote
2000015144495854,MLA,阿根廷,2026-02-14,1,0.00,2.32,3.25,-5.57,2026-03-23,cancelled,Dual Anti-imperfecciones Y Anti-edad Ser
2000015149559750,MLM,墨西哥,2026-02-14,1,0.00,1.11,1.45,-2.56,2026-03-23,cancelled,Ecosistema Acuático Marimo Algas En Bote
2000015151656978,MLA,阿根廷,2026-02-14,1,0.00,1.97,1.34,-3.31,2026-03-19,cancelled,Externo Duro 2tb 2000gb Sólido Mini Port
2000015160813170,MLM,墨西哥,2026-02-15,1,0.00,1.06,2.87,-3.93,2026-03-24,cancelled,Ecosistema Acuático Marimo Algas En Bote
2000015160974332,MLM,墨西哥,2026-02-15,1,0.00,1.06,1.40,-2.46,2026-03-23,cancelled,Ecosistema Acuático Marimo Algas En Bote
2000015170424948,MLM,墨西哥,2026-02-16,1,0.00,1.06,2.87,-3.93,2026-03-26,cancelled,Ecosistema Acuático Marimo Algas En Bote
2000015174339468,MLM,墨西哥,2026-02-16,2,0.00,1.06,2.83,-3.89,2026-03-23,cancelled,Ecosistema Acuático Marimo Algas En Bote
2000015182676092,MLM,墨西哥,2026-02-17,1,0.00,1.06,2.87,-3.93,2026-03-27,cancelled,Ecosistema Acuático Marimo Algas En Bote
2000015183218524,MLA,阿根廷,2026-02-17,2,0.00,1.97,2.68,-4.65,2026-03-23,cancelled,Externo Duro 2tb 2000gb Sólido Mini Port
2000015184426206,MLM,墨西哥,2026-02-17,2,0.00,1.06,6.42,-7.48,2026-03-24,cancelled,Ecosistema Acuático Marimo Algas En Bote
2000015192533174,MLA,阿根廷,2026-02-18,3,0.00,1.97,4.01,-5.98,2026-03-31,cancelled,Externo Duro 2tb 2000gb Sólido Mini Port
2000015202052052,MLM,墨西哥,2026-02-18,2,0.00,1.06,3.27,-4.33,2026-03-23,cancelled,Ecosistema Acuático Marimo Algas En Bote
2000015202359238,MLA,阿根廷,2026-02-18,1,0.00,1.97,2.84,-4.81,2026-04-11,cancelled,Externo Duro 2tb 2000gb Sólido Mini Port
2000015207387930,MLM,墨西哥,2026-02-19,1,0.00,1.06,1.14,-2.20,2026-03-23,cancelled,Ecosistema Acuático Marimo Algas En Bote
2000015208062110,MLM,墨西哥,2026-02-19,1,0.00,1.06,2.87,-3.93,2026-03-23,cancelled,Ecosistema Acuático Marimo Algas En Bote
2000015215985404,MLM,墨西哥,2026-02-19,1,0.00,1.06,2.87,-3.93,2026-03-23,cancelled,Ecosistema Acuático Marimo Algas En Bote
2000015217095464,MLM,墨西哥,2026-02-19,1,0.00,1.06,1.74,-2.80,2026-03-25,cancelled,Ecosistema Acuático Marimo Algas En Bote
2000015217857240,MLM,墨西哥,2026-02-19,1,0.00,1.06,2.87,-3.93,2026-03-24,cancelled,Ecosistema Acuático Marimo Algas En Bote
2000015223114356,MLM,墨西哥,2026-02-20,1,0.00,1.06,1.29,-2.35,2026-03-23,cancelled,Ecosistema Acuático Marimo Algas En Bote
2000015224006776,MLM,墨西哥,2026-02-20,1,0.00,1.06,2.87,-3.93,-,cancelled,Ecosistema Acuático Marimo Algas En Bote
2000015225714822,MLM,墨西哥,2026-02-20,1,0.00,1.06,2.87,-3.93,2026-03-23,cancelled,Ecosistema Acuático Marimo Algas En Bote
2000015227323076,MLM,墨西哥,2026-02-20,1,0.00,1.06,1.34,-2.40,2026-03-23,cancelled,Ecosistema Acuático Marimo Algas En Bote
2000015239887134,MLM,墨西哥,2026-02-21,2,0.00,1.06,2.78,-3.84,2026-03-24,cancelled,Ecosistema Acuático Marimo Algas En Bote
2000015241709038,MLM,墨西哥,2026-02-21,1,0.00,1.06,1.43,-2.49,2026-03-25,cancelled,Ecosistema Acuático Marimo Algas En Bote
2000015242803432,MLM,墨西哥,2026-02-21,4,0.00,1.06,6.30,-7.36,2026-03-24,cancelled,Ecosistema Acuático Marimo Algas En Bote
2000015246651628,MLM,墨西哥,2026-02-22,1,0.00,1.06,2.87,-3.93,2026-03-24,cancelled,Ecosistema Acuático Marimo Algas En Bote
2000015248280496,MLM,墨西哥,2026-02-22,1,0.00,1.06,2.87,-3.93,2026-03-25,cancelled,Ecosistema Acuático Marimo Algas En Bote
2000015249526504,MLM,墨西哥,2026-02-22,2,0.00,1.06,2.83,-3.89,2026-03-27,cancelled,Ecosistema Acuático Marimo Algas En Bote
2000015250999760,MLM,墨西哥,2026-02-22,1,0.00,1.06,1.15,-2.21,2026-03-23,cancelled,Ecosistema Acuático Marimo Algas En Bote
2000015836271052,MLU,乌拉圭,2026-04-04,1,0.00,2.25,0.00,-2.25,2026-05-08,cancelled,Tabla De Cortar De Titanio De 3 Piezas T
2000014879530068,MCO,哥伦比亚,2026-01-26,3,10.00,1.85,0.00,8.15,2026-02-26,partially_refunded,Auriculares For Intercomunicador De Moto